{
"lengthUnit": "mil",
"remark": [],
"components": {
	"fields": ["COMPONENT_NO", "COMPONENT_NAME", "LAYER", "X_COORDINATE", "Y_COORDINATE", "ANGLE"],
	"rows": [
		[1, "C1", "T", 960, 515, 0],
		[2, "C2", "T", 960, 400, 0],
		[3, "C3", "T", 1060, 455, 270],
		[4, "DRV", "T", 170, 85, 180],
		[5, "R1", "T", 650, 655, 270],
		[6, "R2", "T", 714.66, 655.34, 90],
		[7, "R3", "T", 780, 655, 90],
		[8, "R4", "T", 845, 655, 90],
		[9, "R5", "T", 910, 655, 90],
		[10, "R6", "T", 975, 655, 90],
		[11, "R7", "T", 1040, 655, 270],
		[12, "R8", "T", 1105, 655, 90],
		[13, "SCREW2", "T", 1305, 570, 270],
		[14, "TP1", "B", 1404.4775, 154.4775, 180],
		[15, "TP2", "B", 269.4775, 389.4775, 90],
		[16, "TP3", "B", 315.54, 464.46, 0],
		[17, "TP5", "B", 714.8425, 683.9375, 270],
		[18, "TP6", "B", 650.4725, 684.5675, 270],
		[19, "TP7", "B", 1269.2125, 158.9375, 270],
		[20, "U2", "T", 365.743, 360.376, 0],
		[21, "USB_0", "T", 65, 325, 270],
		[22, "USB_1", "T", 765, 330, 0],
		[23, "USB_2", "T", 770, 155, 0],
		[24, "USB_3", "T", 1220, 332.63, 0],
		[25, "USB_4", "T", 1220, 160, 0],
		[26, "USB_5", "T", 810, 245, 0],
		[27, "USB_6", "T", 810, 75, 180],
		[28, "USB_7", "T", 1220, 245, 0],
		[29, "USB_8", "T", 1220, 75, 180],
		[30, "X1", "T", 350, 630, 0],
		[31, "PAD1", "T", 987.56, 515, 0],
		[32, "PAD2", "T", 932.44, 515, 0],
		[33, "PAD3", "T", 987.56, 400, 0],
		[34, "PAD4", "T", 932.44, 400, 0],
		[35, "PAD5", "T", 1060, 427.44, 0],
		[36, "PAD6", "T", 1060, 482.56, 0],
		[37, "PAD7", "T", 748.81, 155, 0],
		[38, "PAD8", "T", 791.19, 155, 0],
		[39, "PAD9", "T", 743.81, 330, 0],
		[40, "PAD10", "T", 786.19, 330, 0],
		[41, "PAD11", "T", 1198.81, 160, 0],
		[42, "PAD12", "T", 1241.19, 160, 0],
		[43, "PAD13", "T", 1198.81, 332.63, 0],
		[44, "PAD14", "T", 1241.19, 332.63, 0],
		[45, "PAD15", "T", 650, 625.34, 0],
		[46, "PAD16", "T", 650, 684.66, 0],
		[47, "PAD17", "T", 714.66, 685, 0],
		[48, "PAD18", "T", 714.66, 625.68, 0],
		[49, "PAD19", "T", 780, 684.66, 0],
		[50, "PAD20", "T", 780, 625.34, 0],
		[51, "PAD21", "T", 845, 684.66, 0],
		[52, "PAD22", "T", 845, 625.34, 0],
		[53, "PAD23", "T", 975, 684.66, 0],
		[54, "PAD24", "T", 975, 625.34, 0],
		[55, "PAD25", "T", 1040, 625.34, 0],
		[56, "PAD26", "T", 1040, 684.66, 0],
		[57, "PAD27", "T", 1105, 684.66, 0],
		[58, "PAD28", "T", 1105, 625.34, 0],
		[59, "PAD29", "B", 1404.4775, 154.4775, 0],
		[60, "PAD30", "B", 269.4775, 389.4775, 0],
		[61, "PAD31", "B", 315.54, 464.46, 0],
		[62, "PAD32", "T", 365.758, 360.371, 0],
		[63, "PAD33", "T", 316.528, 440.101, 0],
		[64, "PAD34", "T", 336.208, 440.101, 0],
		[65, "PAD35", "T", 355.898, 440.101, 0],
		[66, "PAD36", "T", 375.588, 440.101, 0],
		[67, "PAD37", "T", 395.268, 440.101, 0],
		[68, "PAD38", "T", 414.958, 440.101, 0],
		[69, "PAD39", "T", 445.468, 409.591, 0],
		[70, "PAD40", "T", 445.468, 389.901, 0],
		[71, "PAD41", "T", 445.468, 370.221, 0],
		[72, "PAD42", "T", 445.468, 350.531, 0],
		[73, "PAD43", "T", 445.468, 330.851, 0],
		[74, "PAD44", "T", 445.468, 311.161, 0],
		[75, "PAD45", "T", 414.958, 280.651, 0],
		[76, "PAD46", "T", 395.268, 280.651, 0],
		[77, "PAD47", "T", 375.588, 280.651, 0],
		[78, "PAD48", "T", 355.898, 280.651, 0],
		[79, "PAD49", "T", 336.208, 280.651, 0],
		[80, "PAD50", "T", 316.528, 280.651, 0],
		[81, "PAD51", "T", 286.018, 311.161, 0],
		[82, "PAD52", "T", 286.018, 330.851, 0],
		[83, "PAD53", "T", 286.018, 350.531, 0],
		[84, "PAD54", "T", 286.018, 370.221, 0],
		[85, "PAD55", "T", 286.018, 389.901, 0],
		[86, "PAD56", "T", 286.018, 409.591, 0],
		[87, "PAD57", "T", 660, 245, 0],
		[88, "PAD57", "B", 660, 245, 0],
		[89, "PAD58", "T", 760, 245, 0],
		[90, "PAD58", "B", 760, 245, 0],
		[91, "PAD59", "T", 860, 245, 0],
		[92, "PAD59", "B", 860, 245, 0],
		[93, "PAD60", "T", 960, 245, 0],
		[94, "PAD60", "B", 960, 245, 0],
		[95, "PAD61", "T", 960, 75, 0],
		[96, "PAD61", "B", 960, 75, 0],
		[97, "PAD62", "T", 860, 75, 0],
		[98, "PAD62", "B", 860, 75, 0],
		[99, "PAD63", "T", 760, 75, 0],
		[100, "PAD63", "B", 760, 75, 0],
		[101, "PAD64", "T", 660, 75, 0],
		[102, "PAD64", "B", 660, 75, 0],
		[103, "PAD65", "T", 1070, 245, 0],
		[104, "PAD65", "B", 1070, 245, 0],
		[105, "PAD66", "T", 1170, 245, 0],
		[106, "PAD66", "B", 1170, 245, 0],
		[107, "PAD67", "T", 1270, 245, 0],
		[108, "PAD67", "B", 1270, 245, 0],
		[109, "PAD68", "T", 1370, 245, 0],
		[110, "PAD68", "B", 1370, 245, 0],
		[111, "PAD69", "T", 1370, 75, 0],
		[112, "PAD69", "B", 1370, 75, 0],
		[113, "PAD70", "T", 1270, 75, 0],
		[114, "PAD70", "B", 1270, 75, 0],
		[115, "PAD71", "T", 1170, 75, 0],
		[116, "PAD71", "B", 1170, 75, 0],
		[117, "PAD72", "T", 1070, 75, 0],
		[118, "PAD72", "B", 1070, 75, 0],
		[119, "PAD73", "T", 253.94, 630, 0],
		[120, "PAD73", "B", 253.94, 630, 0],
		[121, "PAD74", "T", 446.06, 630, 0],
		[122, "PAD74", "B", 446.06, 630, 0],
		[123, "PAD75", "T", 191.19, 85, 0],
		[124, "PAD76", "T", 148.81, 85, 0],
		[125, "PAD77", "T", 65, 75, 0],
		[126, "PAD77", "B", 65, 75, 0],
		[127, "PAD78", "T", 65, 175, 0],
		[128, "PAD78", "B", 65, 175, 0],
		[129, "PAD79", "T", 65, 275, 0],
		[130, "PAD79", "B", 65, 275, 0],
		[131, "PAD80", "T", 65, 375, 0],
		[132, "PAD80", "B", 65, 375, 0],
		[133, "PAD81", "T", 65, 475, 0],
		[134, "PAD81", "B", 65, 475, 0],
		[135, "PAD82", "T", 65, 575, 0],
		[136, "PAD82", "B", 65, 575, 0],
		[137, "PAD83", "T", 910, 684.66, 0],
		[138, "PAD84", "T", 910, 625.34, 0],
		[139, "PAD85", "B", 714.8425, 683.9375, 0],
		[140, "PAD86", "B", 650.4725, 684.5675, 0],
		[141, "PAD87", "B", 1269.2125, 158.9375, 0]
	]
},
"pins": {
	"fields": ["PIN_NO", "PIN_NAME", "PIN_X", "PIN_Y", "LAYER", "PIN_TYPE", "NET_NAME", "NET_TYPE", "PAD_SHAPE", "PAD_SIZEX", "PAD_SIZEY", "HOLE_SIZE", "HOLE_LEN", "PAD_ANGLE"],
	"rows": [
		[1, "C1_1", 932.44, 515, "T", "SMD", "GND", "GND", "R", 31.496, 35.433, 0, 0, 360],
		[2, "C1_2", 987.56, 515, "T", "SMD", "$1N3552", "", "R", 31.496, 35.433, 0, 0, 360],
		[3, "C2_1", 932.44, 400, "T", "SMD", "5V", "", "R", 31.496, 35.433, 0, 0, 360],
		[4, "C2_2", 987.56, 400, "T", "SMD", "GND", "GND", "R", 31.496, 35.433, 0, 0, 360],
		[5, "C3_1", 1060, 482.56, "T", "SMD", "5V", "", "R", 31.496, 35.433, 0, 0, 270],
		[6, "C3_2", 1060, 427.44, "T", "SMD", "GND", "GND", "R", 31.496, 35.433, 0, 0, 270],
		[7, "DRV_1", 191.19, 85, "T", "SMD", "DRV", "", "R", 25.058, 21.26, 0, 0, 180],
		[8, "DRV_2", 148.81, 85, "T", "SMD", "$1N4806", "", "R", 25.058, 21.26, 0, 0, 180],
		[9, "R1_1", 650, 684.66, "T", "SMD", "LED1", "", "R", 31.751, 34.016, 0, 0, 270],
		[10, "R1_2", 650, 625.34, "T", "SMD", "$1N1399", "", "R", 31.751, 34.016, 0, 0, 270],
		[11, "R2_1", 714.66, 625.68, "T", "SMD", "LED2", "", "R", 31.751, 34.016, 0, 0, 90],
		[12, "R2_2", 714.66, 685, "T", "SMD", "$1N1312", "", "R", 31.751, 34.016, 0, 0, 90],
		[13, "R3_1", 780, 625.34, "T", "SMD", "GND", "GND", "R", 31.751, 34.016, 0, 0, 90],
		[14, "R3_2", 780, 684.66, "T", "SMD", "$1N4806", "", "R", 31.751, 34.016, 0, 0, 90],
		[15, "R4_1", 845, 625.34, "T", "SMD", "GND", "GND", "R", 31.751, 34.016, 0, 0, 90],
		[16, "R4_2", 845, 684.66, "T", "SMD", "$1N5283", "", "R", 31.751, 34.016, 0, 0, 90],
		[17, "R5_1", 910, 625.34, "T", "SMD", "$1N5575", "", "R", 31.751, 34.016, 0, 0, 90],
		[18, "R5_2", 910, 684.66, "T", "SMD", "3.3V", "", "R", 31.751, 34.016, 0, 0, 90],
		[19, "R6_1", 975, 625.34, "T", "SMD", "$1N5532", "", "R", 31.751, 34.016, 0, 0, 90],
		[20, "R6_2", 975, 684.66, "T", "SMD", "3.3V", "", "R", 31.751, 34.016, 0, 0, 90],
		[21, "R7_1", 1040, 684.66, "T", "SMD", "GND", "GND", "R", 31.751, 34.016, 0, 0, 270],
		[22, "R7_2", 1040, 625.34, "T", "SMD", "$1N3778", "", "R", 31.751, 34.016, 0, 0, 270],
		[23, "R8_1", 1105, 625.34, "T", "SMD", "5V", "", "R", 31.751, 34.016, 0, 0, 90],
		[24, "R8_2", 1105, 684.66, "T", "SMD", "$1N3778", "", "R", 31.751, 34.016, 0, 0, 90],
		[25, "SCREW2_1", 1307.5, 572.5, "T", "DIP", "NET_1", "", "C", 126, 126, 126, 126, 270],
		[26, "SCREW2_1", 1307.5, 572.5, "B", "DIP", "NET_1", "", "C", 126, 126, 126, 126, 270],
		[27, "TP1_1", 1404.4775, 154.4775, "B", "SMD", "5V", "", "C", 19.685, 19.685, 0, 0, 180],
		[28, "TP2_1", 269.4775, 389.4775, "B", "SMD", "$1N4689", "", "C", 19.685, 19.685, 0, 0, 90],
		[29, "TP3_1", 315.54, 464.46, "B", "SMD", "$1N4738", "", "C", 19.685, 19.685, 0, 0, 0],
		[30, "TP5_1", 714.8425, 683.9375, "B", "SMD", "LED2", "", "C", 19.685, 19.685, 0, 0, 270],
		[31, "TP6_1", 650.4725, 684.5675, "B", "SMD", "LED1", "", "C", 19.685, 19.685, 0, 0, 270],
		[32, "TP7_1", 1269.2125, 158.9375, "B", "SMD", "DRV", "", "C", 19.685, 19.685, 0, 0, 270],
		[33, "U2_1", 286.018, 409.591, "T", "SMD", "3.3V", "", "R", 33.464, 9.843, 0, 0, 0],
		[34, "U2_2", 286.018, 389.901, "T", "SMD", "$1N4689", "", "R", 33.464, 9.843, 0, 0, 0],
		[35, "U2_3", 286.018, 370.221, "T", "SMD", "XOUT", "", "R", 33.464, 9.843, 0, 0, 0],
		[36, "U2_4", 286.018, 350.531, "T", "SMD", "XIN", "", "R", 33.464, 9.843, 0, 0, 0],
		[37, "U2_5", 286.018, 330.851, "T", "SMD", "DM4", "", "R", 33.464, 9.843, 0, 0, 0],
		[38, "U2_6", 286.018, 311.161, "T", "SMD", "DP4", "", "R", 33.464, 9.843, 0, 0, 0],
		[39, "U2_7", 316.528, 280.651, "T", "SMD", "DM3", "", "R", 33.464, 9.843, 0, 0, 90],
		[40, "U2_8", 336.208, 280.651, "T", "SMD", "DP3", "", "R", 33.464, 9.843, 0, 0, 90],
		[41, "U2_9", 355.898, 280.651, "T", "SMD", "DM2", "", "R", 33.464, 9.843, 0, 0, 90],
		[42, "U2_10", 375.588, 280.651, "T", "SMD", "DP2", "", "R", 33.464, 9.843, 0, 0, 90],
		[43, "U2_11", 395.268, 280.651, "T", "SMD", "DM1", "", "R", 33.464, 9.843, 0, 0, 90],
		[44, "U2_12", 414.958, 280.651, "T", "SMD", "DP1", "", "R", 33.464, 9.843, 0, 0, 90],
		[45, "U2_13", 445.468, 311.161, "T", "SMD", "$1N5283", "", "R", 33.464, 9.843, 0, 0, 0],
		[46, "U2_14", 445.468, 330.851, "T", "SMD", "DMU", "", "R", 33.464, 9.843, 0, 0, 0],
		[47, "U2_15", 445.468, 350.531, "T", "SMD", "DPU", "", "R", 33.464, 9.843, 0, 0, 0],
		[48, "U2_16", 445.468, 370.221, "T", "SMD", "$1N5575", "", "R", 33.464, 9.843, 0, 0, 0],
		[49, "U2_17", 445.468, 389.901, "T", "SMD", "$1N3778", "", "R", 33.464, 9.843, 0, 0, 0],
		[50, "U2_18", 445.468, 409.591, "T", "SMD", "$1N5532", "", "R", 33.464, 9.843, 0, 0, 0],
		[51, "U2_19", 414.958, 440.101, "T", "SMD", "5V", "", "R", 33.464, 9.843, 0, 0, 90],
		[52, "U2_20", 395.268, 440.101, "T", "SMD", "$1N3552", "", "R", 33.464, 9.843, 0, 0, 90],
		[53, "U2_21", 375.588, 440.101, "T", "SMD", "DRV", "", "R", 33.464, 9.843, 0, 0, 90],
		[54, "U2_22", 355.898, 440.101, "T", "SMD", "LED1", "", "R", 33.464, 9.843, 0, 0, 90],
		[55, "U2_23", 336.208, 440.101, "T", "SMD", "LED2", "", "R", 33.464, 9.843, 0, 0, 90],
		[56, "U2_24", 316.528, 440.101, "T", "SMD", "$1N4738", "", "R", 33.464, 9.843, 0, 0, 90],
		[57, "U2_25", 365.758, 360.371, "T", "SMD", "GND", "GND", "R", 106.299, 106.299, 0, 0, 0],
		[58, "USB_0_1", 65, 575, "T", "DIP", "5V", "", "R", 70.866, 70.866, 47.244, 47.244, 270],
		[59, "USB_0_1", 65, 575, "B", "DIP", "5V", "", "R", 70.866, 70.866, 47.244, 47.244, 270],
		[60, "USB_0_2", 65, 475, "T", "DIP", "5V", "", "C", 70.866, 70.866, 47.244, 47.244, 270],
		[61, "USB_0_2", 65, 475, "B", "DIP", "5V", "", "C", 70.866, 70.866, 47.244, 47.244, 270],
		[62, "USB_0_3", 65, 375, "T", "DIP", "DPU", "", "C", 70.866, 70.866, 47.244, 47.244, 270],
		[63, "USB_0_3", 65, 375, "B", "DIP", "DPU", "", "C", 70.866, 70.866, 47.244, 47.244, 270],
		[64, "USB_0_4", 65, 275, "T", "DIP", "DMU", "", "C", 70.866, 70.866, 47.244, 47.244, 270],
		[65, "USB_0_4", 65, 275, "B", "DIP", "DMU", "", "C", 70.866, 70.866, 47.244, 47.244, 270],
		[66, "USB_0_5", 65, 175, "T", "DIP", "GND", "GND", "C", 70.866, 70.866, 47.244, 47.244, 270],
		[67, "USB_0_5", 65, 175, "B", "DIP", "GND", "GND", "C", 70.866, 70.866, 47.244, 47.244, 270],
		[68, "USB_0_6", 65, 75, "T", "DIP", "GND", "GND", "C", 70.866, 70.866, 47.244, 47.244, 270],
		[69, "USB_0_6", 65, 75, "B", "DIP", "GND", "GND", "C", 70.866, 70.866, 47.244, 47.244, 270],
		[70, "USB_1_1", 743.81, 330, "T", "SMD", "$1N1399", "", "R", 25.058, 21.26, 0, 0, 0],
		[71, "USB_1_2", 786.19, 330, "T", "SMD", "DRV", "", "R", 25.058, 21.26, 0, 0, 0],
		[72, "USB_2_1", 748.81, 155, "T", "SMD", "$1N1312", "", "R", 25.058, 21.26, 0, 0, 0],
		[73, "USB_2_2", 791.19, 155, "T", "SMD", "DRV", "", "R", 25.058, 21.26, 0, 0, 0],
		[74, "USB_3_1", 1198.81, 332.63, "T", "SMD", "DRV", "", "R", 25.058, 21.26, 0, 0, 0],
		[75, "USB_3_2", 1241.19, 332.63, "T", "SMD", "$1N1399", "", "R", 25.058, 21.26, 0, 0, 0],
		[76, "USB_4_1", 1198.81, 160, "T", "SMD", "DRV", "", "R", 25.058, 21.26, 0, 0, 0],
		[77, "USB_4_2", 1241.19, 160, "T", "SMD", "$1N1312", "", "R", 25.058, 21.26, 0, 0, 0],
		[78, "USB_5_1", 660, 245, "T", "DIP", "5V", "", "R", 66.929, 66.929, 43.308, 43.308, 0],
		[79, "USB_5_1", 660, 245, "B", "DIP", "5V", "", "R", 66.929, 66.929, 43.308, 43.308, 0],
		[80, "USB_5_2", 760, 245, "T", "DIP", "DP1", "", "C", 66.929, 66.929, 43.308, 43.308, 0],
		[81, "USB_5_2", 760, 245, "B", "DIP", "DP1", "", "C", 66.929, 66.929, 43.308, 43.308, 0],
		[82, "USB_5_3", 860, 245, "T", "DIP", "DM1", "", "C", 66.929, 66.929, 43.308, 43.308, 0],
		[83, "USB_5_3", 860, 245, "B", "DIP", "DM1", "", "C", 66.929, 66.929, 43.308, 43.308, 0],
		[84, "USB_5_4", 960, 245, "T", "DIP", "GND", "GND", "C", 66.929, 66.929, 43.308, 43.308, 0],
		[85, "USB_5_4", 960, 245, "B", "DIP", "GND", "GND", "C", 66.929, 66.929, 43.308, 43.308, 0],
		[86, "USB_6_1", 960, 75, "T", "DIP", "5V", "", "R", 66.929, 66.929, 43.308, 43.308, 180],
		[87, "USB_6_1", 960, 75, "B", "DIP", "5V", "", "R", 66.929, 66.929, 43.308, 43.308, 180],
		[88, "USB_6_2", 860, 75, "T", "DIP", "DP2", "", "C", 66.929, 66.929, 43.308, 43.308, 180],
		[89, "USB_6_2", 860, 75, "B", "DIP", "DP2", "", "C", 66.929, 66.929, 43.308, 43.308, 180],
		[90, "USB_6_3", 760, 75, "T", "DIP", "DM2", "", "C", 66.929, 66.929, 43.308, 43.308, 180],
		[91, "USB_6_3", 760, 75, "B", "DIP", "DM2", "", "C", 66.929, 66.929, 43.308, 43.308, 180],
		[92, "USB_6_4", 660, 75, "T", "DIP", "GND", "GND", "C", 66.929, 66.929, 43.308, 43.308, 180],
		[93, "USB_6_4", 660, 75, "B", "DIP", "GND", "GND", "C", 66.929, 66.929, 43.308, 43.308, 180],
		[94, "USB_7_1", 1070, 245, "T", "DIP", "5V", "", "R", 66.929, 66.929, 43.308, 43.308, 360],
		[95, "USB_7_1", 1070, 245, "B", "DIP", "5V", "", "R", 66.929, 66.929, 43.308, 43.308, 360],
		[96, "USB_7_2", 1170, 245, "T", "DIP", "DP3", "", "C", 66.929, 66.929, 43.308, 43.308, 360],
		[97, "USB_7_2", 1170, 245, "B", "DIP", "DP3", "", "C", 66.929, 66.929, 43.308, 43.308, 360],
		[98, "USB_7_3", 1270, 245, "T", "DIP", "DM3", "", "C", 66.929, 66.929, 43.308, 43.308, 360],
		[99, "USB_7_3", 1270, 245, "B", "DIP", "DM3", "", "C", 66.929, 66.929, 43.308, 43.308, 360],
		[100, "USB_7_4", 1370, 245, "T", "DIP", "GND", "GND", "C", 66.929, 66.929, 43.308, 43.308, 360],
		[101, "USB_7_4", 1370, 245, "B", "DIP", "GND", "GND", "C", 66.929, 66.929, 43.308, 43.308, 360],
		[102, "USB_8_1", 1370, 75, "T", "DIP", "5V", "", "R", 66.929, 66.929, 43.308, 43.308, 180],
		[103, "USB_8_1", 1370, 75, "B", "DIP", "5V", "", "R", 66.929, 66.929, 43.308, 43.308, 180],
		[104, "USB_8_2", 1270, 75, "T", "DIP", "DP4", "", "C", 66.929, 66.929, 43.308, 43.308, 180],
		[105, "USB_8_2", 1270, 75, "B", "DIP", "DP4", "", "C", 66.929, 66.929, 43.308, 43.308, 180],
		[106, "USB_8_3", 1170, 75, "T", "DIP", "DM4", "", "C", 66.929, 66.929, 43.308, 43.308, 180],
		[107, "USB_8_3", 1170, 75, "B", "DIP", "DM4", "", "C", 66.929, 66.929, 43.308, 43.308, 180],
		[108, "USB_8_4", 1070, 75, "T", "DIP", "GND", "GND", "C", 66.929, 66.929, 43.308, 43.308, 180],
		[109, "USB_8_4", 1070, 75, "B", "DIP", "GND", "GND", "C", 66.929, 66.929, 43.308, 43.308, 180],
		[110, "X1_1", 253.94, 630, "T", "DIP", "XOUT", "", "R", 59.055, 59.055, 35.434, 35.434, 0],
		[111, "X1_1", 253.94, 630, "B", "DIP", "XOUT", "", "R", 59.055, 59.055, 35.434, 35.434, 0],
		[112, "X1_2", 446.06, 630, "T", "DIP", "XIN", "", "C", 59.055, 59.055, 35.434, 35.434, 0],
		[113, "X1_2", 446.06, 630, "B", "DIP", "XIN", "", "C", 59.055, 59.055, 35.434, 35.434, 0],
		[114, "PAD1_2", 987.56, 515, "T", "SMD", "$1N3552", "", "R", 31.496, 35.433, 0, 0, 360],
		[115, "PAD2_1", 932.44, 515, "T", "SMD", "GND", "GND", "R", 31.496, 35.433, 0, 0, 360],
		[116, "PAD3_2", 987.56, 400, "T", "SMD", "GND", "GND", "R", 31.496, 35.433, 0, 0, 360],
		[117, "PAD4_1", 932.44, 400, "T", "SMD", "5V", "", "R", 31.496, 35.433, 0, 0, 360],
		[118, "PAD5_2", 1060, 427.44, "T", "SMD", "GND", "GND", "R", 31.496, 35.433, 0, 0, 270],
		[119, "PAD6_1", 1060, 482.56, "T", "SMD", "5V", "", "R", 31.496, 35.433, 0, 0, 270],
		[120, "PAD7_1", 748.81, 155, "T", "SMD", "$1N1312", "", "R", 25.058, 21.26, 0, 0, 0],
		[121, "PAD8_2", 791.19, 155, "T", "SMD", "DRV", "", "R", 25.058, 21.26, 0, 0, 0],
		[122, "PAD9_1", 743.81, 330, "T", "SMD", "$1N1399", "", "R", 25.058, 21.26, 0, 0, 0],
		[123, "PAD10_2", 786.19, 330, "T", "SMD", "DRV", "", "R", 25.058, 21.26, 0, 0, 0],
		[124, "PAD11_1", 1198.81, 160, "T", "SMD", "DRV", "", "R", 25.058, 21.26, 0, 0, 0],
		[125, "PAD12_2", 1241.19, 160, "T", "SMD", "$1N1312", "", "R", 25.058, 21.26, 0, 0, 0],
		[126, "PAD13_1", 1198.81, 332.63, "T", "SMD", "DRV", "", "R", 25.058, 21.26, 0, 0, 0],
		[127, "PAD14_2", 1241.19, 332.63, "T", "SMD", "$1N1399", "", "R", 25.058, 21.26, 0, 0, 0],
		[128, "PAD15_2", 650, 625.34, "T", "SMD", "$1N1399", "", "R", 31.751, 34.016, 0, 0, 270],
		[129, "PAD16_1", 650, 684.66, "T", "SMD", "LED1", "", "R", 31.751, 34.016, 0, 0, 270],
		[130, "PAD17_2", 714.66, 685, "T", "SMD", "$1N1312", "", "R", 31.751, 34.016, 0, 0, 90],
		[131, "PAD18_1", 714.66, 625.68, "T", "SMD", "LED2", "", "R", 31.751, 34.016, 0, 0, 90],
		[132, "PAD19_2", 780, 684.66, "T", "SMD", "$1N4806", "", "R", 31.751, 34.016, 0, 0, 90],
		[133, "PAD20_1", 780, 625.34, "T", "SMD", "GND", "GND", "R", 31.751, 34.016, 0, 0, 90],
		[134, "PAD21_2", 845, 684.66, "T", "SMD", "$1N5283", "", "R", 31.751, 34.016, 0, 0, 90],
		[135, "PAD22_1", 845, 625.34, "T", "SMD", "GND", "GND", "R", 31.751, 34.016, 0, 0, 90],
		[136, "PAD23_2", 975, 684.66, "T", "SMD", "3.3V", "", "R", 31.751, 34.016, 0, 0, 90],
		[137, "PAD24_1", 975, 625.34, "T", "SMD", "$1N5532", "", "R", 31.751, 34.016, 0, 0, 90],
		[138, "PAD25_2", 1040, 625.34, "T", "SMD", "$1N3778", "", "R", 31.751, 34.016, 0, 0, 270],
		[139, "PAD26_1", 1040, 684.66, "T", "SMD", "GND", "GND", "R", 31.751, 34.016, 0, 0, 270],
		[140, "PAD27_2", 1105, 684.66, "T", "SMD", "$1N3778", "", "R", 31.751, 34.016, 0, 0, 90],
		[141, "PAD28_1", 1105, 625.34, "T", "SMD", "5V", "", "R", 31.751, 34.016, 0, 0, 90],
		[142, "PAD29_1", 1404.4775, 154.4775, "B", "SMD", "5V", "", "C", 19.685, 19.685, 0, 0, 180],
		[143, "PAD30_1", 269.4775, 389.4775, "B", "SMD", "$1N4689", "", "C", 19.685, 19.685, 0, 0, 90],
		[144, "PAD31_1", 315.54, 464.46, "B", "SMD", "$1N4738", "", "C", 19.685, 19.685, 0, 0, 0],
		[145, "PAD32_25", 365.758, 360.371, "T", "SMD", "GND", "GND", "R", 106.299, 106.299, 0, 0, 0],
		[146, "PAD33_24", 316.528, 440.101, "T", "SMD", "$1N4738", "", "R", 33.464, 9.843, 0, 0, 90],
		[147, "PAD34_23", 336.208, 440.101, "T", "SMD", "LED2", "", "R", 33.464, 9.843, 0, 0, 90],
		[148, "PAD35_22", 355.898, 440.101, "T", "SMD", "LED1", "", "R", 33.464, 9.843, 0, 0, 90],
		[149, "PAD36_21", 375.588, 440.101, "T", "SMD", "DRV", "", "R", 33.464, 9.843, 0, 0, 90],
		[150, "PAD37_20", 395.268, 440.101, "T", "SMD", "$1N3552", "", "R", 33.464, 9.843, 0, 0, 90],
		[151, "PAD38_19", 414.958, 440.101, "T", "SMD", "5V", "", "R", 33.464, 9.843, 0, 0, 90],
		[152, "PAD39_18", 445.468, 409.591, "T", "SMD", "$1N5532", "", "R", 33.464, 9.843, 0, 0, 0],
		[153, "PAD40_17", 445.468, 389.901, "T", "SMD", "$1N3778", "", "R", 33.464, 9.843, 0, 0, 0],
		[154, "PAD41_16", 445.468, 370.221, "T", "SMD", "$1N5575", "", "R", 33.464, 9.843, 0, 0, 0],
		[155, "PAD42_15", 445.468, 350.531, "T", "SMD", "DPU", "", "R", 33.464, 9.843, 0, 0, 0],
		[156, "PAD43_14", 445.468, 330.851, "T", "SMD", "DMU", "", "R", 33.464, 9.843, 0, 0, 0],
		[157, "PAD44_13", 445.468, 311.161, "T", "SMD", "$1N5283", "", "R", 33.464, 9.843, 0, 0, 0],
		[158, "PAD45_12", 414.958, 280.651, "T", "SMD", "DP1", "", "R", 33.464, 9.843, 0, 0, 90],
		[159, "PAD46_11", 395.268, 280.651, "T", "SMD", "DM1", "", "R", 33.464, 9.843, 0, 0, 90],
		[160, "PAD47_10", 375.588, 280.651, "T", "SMD", "DP2", "", "R", 33.464, 9.843, 0, 0, 90],
		[161, "PAD48_9", 355.898, 280.651, "T", "SMD", "DM2", "", "R", 33.464, 9.843, 0, 0, 90],
		[162, "PAD49_8", 336.208, 280.651, "T", "SMD", "DP3", "", "R", 33.464, 9.843, 0, 0, 90],
		[163, "PAD50_7", 316.528, 280.651, "T", "SMD", "DM3", "", "R", 33.464, 9.843, 0, 0, 90],
		[164, "PAD51_6", 286.018, 311.161, "T", "SMD", "DP4", "", "R", 33.464, 9.843, 0, 0, 0],
		[165, "PAD52_5", 286.018, 330.851, "T", "SMD", "DM4", "", "R", 33.464, 9.843, 0, 0, 0],
		[166, "PAD53_4", 286.018, 350.531, "T", "SMD", "XIN", "", "R", 33.464, 9.843, 0, 0, 0],
		[167, "PAD54_3", 286.018, 370.221, "T", "SMD", "XOUT", "", "R", 33.464, 9.843, 0, 0, 0],
		[168, "PAD55_2", 286.018, 389.901, "T", "SMD", "$1N4689", "", "R", 33.464, 9.843, 0, 0, 0],
		[169, "PAD56_1", 286.018, 409.591, "T", "SMD", "3.3V", "", "R", 33.464, 9.843, 0, 0, 0],
		[170, "PAD57_1", 660, 245, "T", "DIP", "5V", "", "R", 66.929, 66.929, 43.308, 43.308, 0],
		[171, "PAD57_1", 660, 245, "B", "DIP", "5V", "", "R", 66.929, 66.929, 43.308, 43.308, 0],
		[172, "PAD58_2", 760, 245, "T", "DIP", "DP1", "", "C", 66.929, 66.929, 43.308, 43.308, 0],
		[173, "PAD58_2", 760, 245, "B", "DIP", "DP1", "", "C", 66.929, 66.929, 43.308, 43.308, 0],
		[174, "PAD59_3", 860, 245, "T", "DIP", "DM1", "", "C", 66.929, 66.929, 43.308, 43.308, 0],
		[175, "PAD59_3", 860, 245, "B", "DIP", "DM1", "", "C", 66.929, 66.929, 43.308, 43.308, 0],
		[176, "PAD60_4", 960, 245, "T", "DIP", "GND", "GND", "C", 66.929, 66.929, 43.308, 43.308, 0],
		[177, "PAD60_4", 960, 245, "B", "DIP", "GND", "GND", "C", 66.929, 66.929, 43.308, 43.308, 0],
		[178, "PAD61_1", 960, 75, "T", "DIP", "5V", "", "R", 66.929, 66.929, 43.308, 43.308, 180],
		[179, "PAD61_1", 960, 75, "B", "DIP", "5V", "", "R", 66.929, 66.929, 43.308, 43.308, 180],
		[180, "PAD62_2", 860, 75, "T", "DIP", "DP2", "", "C", 66.929, 66.929, 43.308, 43.308, 180],
		[181, "PAD62_2", 860, 75, "B", "DIP", "DP2", "", "C", 66.929, 66.929, 43.308, 43.308, 180],
		[182, "PAD63_3", 760, 75, "T", "DIP", "DM2", "", "C", 66.929, 66.929, 43.308, 43.308, 180],
		[183, "PAD63_3", 760, 75, "B", "DIP", "DM2", "", "C", 66.929, 66.929, 43.308, 43.308, 180],
		[184, "PAD64_4", 660, 75, "T", "DIP", "GND", "GND", "C", 66.929, 66.929, 43.308, 43.308, 180],
		[185, "PAD64_4", 660, 75, "B", "DIP", "GND", "GND", "C", 66.929, 66.929, 43.308, 43.308, 180],
		[186, "PAD65_1", 1070, 245, "T", "DIP", "5V", "", "R", 66.929, 66.929, 43.308, 43.308, 360],
		[187, "PAD65_1", 1070, 245, "B", "DIP", "5V", "", "R", 66.929, 66.929, 43.308, 43.308, 360],
		[188, "PAD66_2", 1170, 245, "T", "DIP", "DP3", "", "C", 66.929, 66.929, 43.308, 43.308, 360],
		[189, "PAD66_2", 1170, 245, "B", "DIP", "DP3", "", "C", 66.929, 66.929, 43.308, 43.308, 360],
		[190, "PAD67_3", 1270, 245, "T", "DIP", "DM3", "", "C", 66.929, 66.929, 43.308, 43.308, 360],
		[191, "PAD67_3", 1270, 245, "B", "DIP", "DM3", "", "C", 66.929, 66.929, 43.308, 43.308, 360],
		[192, "PAD68_4", 1370, 245, "T", "DIP", "GND", "GND", "C", 66.929, 66.929, 43.308, 43.308, 360],
		[193, "PAD68_4", 1370, 245, "B", "DIP", "GND", "GND", "C", 66.929, 66.929, 43.308, 43.308, 360],
		[194, "PAD69_1", 1370, 75, "T", "DIP", "5V", "", "R", 66.929, 66.929, 43.308, 43.308, 180],
		[195, "PAD69_1", 1370, 75, "B", "DIP", "5V", "", "R", 66.929, 66.929, 43.308, 43.308, 180],
		[196, "PAD70_2", 1270, 75, "T", "DIP", "DP4", "", "C", 66.929, 66.929, 43.308, 43.308, 180],
		[197, "PAD70_2", 1270, 75, "B", "DIP", "DP4", "", "C", 66.929, 66.929, 43.308, 43.308, 180],
		[198, "PAD71_3", 1170, 75, "T", "DIP", "DM4", "", "C", 66.929, 66.929, 43.308, 43.308, 180],
		[199, "PAD71_3", 1170, 75, "B", "DIP", "DM4", "", "C", 66.929, 66.929, 43.308, 43.308, 180],
		[200, "PAD72_4", 1070, 75, "T", "DIP", "GND", "GND", "C", 66.929, 66.929, 43.308, 43.308, 180],
		[201, "PAD72_4", 1070, 75, "B", "DIP", "GND", "GND", "C", 66.929, 66.929, 43.308, 43.308, 180],
		[202, "PAD73_1", 253.94, 630, "T", "DIP", "XOUT", "", "R", 59.055, 59.055, 35.434, 35.434, 0],
		[203, "PAD73_1", 253.94, 630, "B", "DIP", "XOUT", "", "R", 59.055, 59.055, 35.434, 35.434, 0],
		[204, "PAD74_2", 446.06, 630, "T", "DIP", "XIN", "", "C", 59.055, 59.055, 35.434, 35.434, 0],
		[205, "PAD74_2", 446.06, 630, "B", "DIP", "XIN", "", "C", 59.055, 59.055, 35.434, 35.434, 0],
		[206, "PAD75_1", 191.19, 85, "T", "SMD", "DRV", "", "R", 25.058, 21.26, 0, 0, 180],
		[207, "PAD76_2", 148.81, 85, "T", "SMD", "$1N4806", "", "R", 25.058, 21.26, 0, 0, 180],
		[208, "PAD77_6", 65, 75, "T", "DIP", "GND", "GND", "C", 70.866, 70.866, 47.244, 47.244, 270],
		[209, "PAD77_6", 65, 75, "B", "DIP", "GND", "GND", "C", 70.866, 70.866, 47.244, 47.244, 270],
		[210, "PAD78_5", 65, 175, "T", "DIP", "GND", "GND", "C", 70.866, 70.866, 47.244, 47.244, 270],
		[211, "PAD78_5", 65, 175, "B", "DIP", "GND", "GND", "C", 70.866, 70.866, 47.244, 47.244, 270],
		[212, "PAD79_4", 65, 275, "T", "DIP", "DMU", "", "C", 70.866, 70.866, 47.244, 47.244, 270],
		[213, "PAD79_4", 65, 275, "B", "DIP", "DMU", "", "C", 70.866, 70.866, 47.244, 47.244, 270],
		[214, "PAD80_3", 65, 375, "T", "DIP", "DPU", "", "C", 70.866, 70.866, 47.244, 47.244, 270],
		[215, "PAD80_3", 65, 375, "B", "DIP", "DPU", "", "C", 70.866, 70.866, 47.244, 47.244, 270],
		[216, "PAD81_2", 65, 475, "T", "DIP", "5V", "", "C", 70.866, 70.866, 47.244, 47.244, 270],
		[217, "PAD81_2", 65, 475, "B", "DIP", "5V", "", "C", 70.866, 70.866, 47.244, 47.244, 270],
		[218, "PAD82_1", 65, 575, "T", "DIP", "5V", "", "R", 70.866, 70.866, 47.244, 47.244, 270],
		[219, "PAD82_1", 65, 575, "B", "DIP", "5V", "", "R", 70.866, 70.866, 47.244, 47.244, 270],
		[220, "PAD83_2", 910, 684.66, "T", "SMD", "3.3V", "", "R", 31.751, 34.016, 0, 0, 90],
		[221, "PAD84_1", 910, 625.34, "T", "SMD", "$1N5575", "", "R", 31.751, 34.016, 0, 0, 90],
		[222, "PAD85_1", 714.8425, 683.9375, "B", "SMD", "LED2", "", "C", 19.685, 19.685, 0, 0, 270],
		[223, "PAD86_1", 650.4725, 684.5675, "B", "SMD", "LED1", "", "C", 19.685, 19.685, 0, 0, 270],
		[224, "PAD87_1", 1269.2125, 158.9375, "B", "SMD", "DRV", "", "C", 19.685, 19.685, 0, 0, 270]
	]
}
}